Year,Abbreviation,Alphanumeric State Code,State,TurnoutHO,BallotsHO,VEP
2016,USA,0,United States,57.37%,132848750,231556622
2016,AL,1,Alabama,58.62%,2113963,3606103
2016,AK,2,Alaska,57.25%,297397,519501
2016,AZ,3,Arizona,53.91%,2554240,4738332
2016,AR,4,Arkansas,52.54%,1128705,2148441
2016,CA,5,California,48.25%,12197940,25278803
2016,CO,6,Colorado,69.70%,2773131,3978892
2016,CT,7,Connecticut,63.92%,1644314,2572337
2016,DE,8,Delaware,63.66%,441590,693659
2016,DC,9,District of Columbia,60.23%,311268,516771
2016,FL,10,Florida,64.51%,9420039,14601373
2016,GA,11,Georgia,58.81%,4092373,6958725
2016,HI,12,Hawaii,41.68%,428937,1029072
2016,ID,13,Idaho,59.45%,690370,1161211
2016,IL,14,Illinois,60.91%,5472001,8983758
2016,IN,15,Indiana,56.22%,2733009,4860929
2016,IA,16,Iowa,68.17%,1565885,2297129
2016,KS,17,Kansas,55.53%,1147145,2065761
2016,KY,18,Kentucky,58.70%,1923346,3276707
2016,LA,19,Louisiana,59.83%,2029032,3391431
2016,ME,20,Maine,70.02%,740990,1058306
2016,MD,21,Maryland,63.75%,2679125,4202282
2016,MA,22,Massachusetts,64.89%,3230573,4978165
2016,MI,23,Michigan,64.47%,4790804,7431589
2016,MN,24,Minnesota,74.14%,2944950,3972330
2016,MS,25,Mississippi,53.41%,1162987,2177349
2016,MO,26,Missouri,61.68%,2788022,4519978
2016,MT,27,Montana,61.52%,494522,803833
2016,NE,28,Nebraska,60.26%,815648,1353558
2016,NV,29,Nevada,57.11%,1125385,1970426
2016,NH,30,New Hampshire,71.47%,744158,1041147
2016,NJ,31,New Jersey,62.83%,3828469,6093144
2016,NM,32,New Mexico,54.68%,798297,1459901
2016,NY,33,New York,51.98%,7118118,13693128
2016,NC,34,North Carolina,64.33%,4707178,7317507
2016,ND,35,North Dakota,59.11%,344360,582534
2016,OH,36,Ohio,60.84%,5325395,8753269
2016,OK,37,Oklahoma,52.03%,1452992,2792423
2016,OR,38,Oregon,65.82%,1979047,3006638
2016,PA,39,Pennsylvania,61.36%,5974648,9737690
2016,RI,40,Rhode Island,59.01%,463847,786111
2016,SC,41,South Carolina,56.79%,2103027,3702997
2016,SD,42,South Dakota,58.54%,370047,632098
2016,TN,43,Tennessee,50.83%,2490799,4900137
2016,TX,44,Texas,51.01%,8934718,17514961
2016,UT,45,Utah,54.66%,1089641,1993581
2016,VT,46,Vermont,63.47%,315067,496439
2016,VA,47,Virginia,65.71%,3982752,6061032
2016,WA,48,Washington,62.06%,3179804,5123524
2016,WV,49,West Virginia,49.52%,708226,1430308
2016,WI,50,Wisconsin,68.56%,2944620,4295057
2016,WY,51,Wyoming,59.36%,255849,431011
2014,USA,0,United States,35.96%,81687059,227157964
2014,AL,1,Alabama,32.89%,1180413,3588783
2014,AK,2,Alaska,54.25%,282382,520562
2014,AZ,3,Arizona,33.40%,1506416,4510186
2014,AR,4,Arkansas,40.07%,848592,2117881
2014,CA,5,California,29.94%,7317581,24440416
2014,CO,6,Colorado,53.70%,2041020,3800664
2014,CT,7,Connecticut,42.29%,1089880,2577311
2014,DE,8,Delaware,34.34%,234038,681526
2014,DC,9,District of Columbia,35.30%,175071,495899
2014,FL,10,Florida,42.77%,5951561,13914216
2014,GA,11,Georgia,38.18%,2567761,6725041
2014,HI,12,Hawaii,36.17%,366125,1012123
2014,ID,13,Idaho,39.27%,439830,1119882
2014,IL,14,Illinois,40.18%,3627690,9028752
2014,IN,15,Indiana,27.78%,1341814,4829510
2014,IA,16,Iowa,49.78%,1129700,2269179
2014,KS,17,Kansas,42.45%,869502,2048164
2014,KY,18,Kentucky,44.22%,1435868,3247300
2014,LA,19,Louisiana,43.95%,1472039,3349433
2014,ME,20,Maine,58.13%,611255,1051557
2014,MD,21,Maryland,41.72%,1733177,4154546
2014,MA,22,Massachusetts,44.08%,2158326,4896296
2014,MI,23,Michigan,42.75%,3156531,7383958
2014,MN,24,Minnesota,50.35%,1981511,3935121
2014,MS,25,Mississippi,28.97%,631858,2181131
2014,MO,26,Missouri,31.74%,1426303,4493722
2014,MT,27,Montana,46.95%,369826,787748
2014,NE,28,Nebraska,40.46%,539891,1334453
2014,NV,29,Nevada,29.31%,547349,1867644
2014,NH,30,New Hampshire,47.59%,488159,1025862
2014,NJ,31,New Jersey,31.09%,1869535,6014127
2014,NM,32,New Mexico,35.38%,512805,1449503
2014,NY,33,New York,28.18%,3819010,13553426
2014,NC,34,North Carolina,40.81%,2915281,7143737
2014,ND,35,North Dakota,43.84%,248670,567221
2014,OH,36,Ohio,35.12%,3055913,8701243
2014,OK,37,Oklahoma,29.94%,824831,2755091
2014,OR,38,Oregon,50.90%,1469717,2887517
2014,PA,39,Pennsylvania,36.08%,3495866,9689491
2014,RI,40,Rhode Island,41.74%,324055,776286
2014,SC,41,South Carolina,34.77%,1246301,3584461
2014,SD,42,South Dakota,44.28%,279412,630989
2014,TN,43,Tennessee,28.63%,1374065,4799476
2014,TX,44,Texas,28.35%,4727208,16675420
2014,UT,45,Utah,29.70%,565970,1905801
2014,VT,46,Vermont,38.94%,193087,495884
2014,VA,47,Virginia,36.64%,2184473,5962456
2014,WA,48,Washington,41.17%,2029189,4928407
2014,WV,49,West Virginia,31.19%,451498,1447652
2014,WI,50,Wisconsin,56.57%,2410314,4260427
2014,WY,51,Wyoming,39.03%,168390,431434
2012,USA,0,United States,58.02%,129070906,222474111
2012,AL,1,Alabama,58.61%,2074338,3539217
2012,AK,2,Alaska,58.71%,300495,511792
2012,AZ,3,Arizona,52.57%,2306559,4387900
2012,AR,4,Arkansas,50.69%,1069468,2109847
2012,CA,5,California,55.06%,13038547,23681837
2012,CO,6,Colorado,69.90%,2569522,3675871
2012,CT,7,Connecticut,61.30%,1558960,2543202
2012,DE,8,Delaware,62.34%,413921,663967
2012,DC,9,District of Columbia,61.51%,293764,477582
2012,FL,10,Florida,62.79%,8474179,13495057
2012,GA,11,Georgia,59.03%,3900050,6606607
2012,HI,12,Hawaii,44.23%,434697,982902
2012,ID,13,Idaho,59.76%,652274,1091410
2012,IL,14,Illinois,58.90%,5242014,8899143
2012,IN,15,Indiana,55.19%,2624534,4755291
2012,IA,16,Iowa,70.26%,1582180,2251748
2012,KS,17,Kansas,56.94%,1156254,2030686
2012,KY,18,Kentucky,55.66%,1797212,3229185
2012,LA,19,Louisiana,60.21%,1994065,3311626
2012,ME,20,Maine,68.18%,713180,1046008
2012,MD,21,Maryland,66.62%,2707327,4063582
2012,MA,22,Massachusetts,65.86%,3167767,4809675
2012,MI,23,Michigan,64.69%,4730961,7312725
2012,MN,24,Minnesota,76.05%,2936561,3861598
2012,MS,25,Mississippi,59.33%,1285584,2166825
2012,MO,26,Missouri,62.20%,2757323,4432957
2012,MT,27,Montana,62.50%,484048,774476
2012,NE,28,Nebraska,60.32%,794379,1316915
2012,NV,29,Nevada,56.35%,1014918,1800969
2012,NH,30,New Hampshire,70.16%,710972,1013420
2012,NJ,31,New Jersey,61.51%,3640292,5918182
2012,NM,32,New Mexico,54.57%,783757,1436363
2012,NY,33,New York,53.10%,7074723,13324107
2012,NC,34,North Carolina,64.84%,4505372,6947954
2012,ND,35,North Dakota,59.84%,322627,539164
2012,OH,36,Ohio,64.52%,5580822,8649495
2012,OK,37,Oklahoma,49.20%,1334872,2713268
2012,OR,38,Oregon,63.09%,1789270,2836101
2012,PA,39,Pennsylvania,59.49%,5742040,9651432
2012,RI,40,Rhode Island,58.01%,446049,768918
2012,SC,41,South Carolina,56.33%,1964118,3486838
2012,SD,42,South Dakota,59.33%,363815,613190
2012,TN,43,Tennessee,51.91%,2458577,4736084
2012,TX,44,Texas,49.59%,7993851,16119973
2012,UT,45,Utah,55.50%,1017440,1833339
2012,VT,46,Vermont,60.66%,299290,493355
2012,VA,47,Virginia,66.06%,3854489,5834676
2012,WA,48,Washington,64.82%,3125516,4822060
2012,WV,49,West Virginia,46.33%,670438,1447066
2012,WI,50,Wisconsin,72.90%,3068434,4209370
2012,WY,51,Wyoming,58.58%,249061,425142
2010,USA,0,United States,40.96%,89099476,217551109
2010,AL,1,Alabama,43.03%,1494273,3472582
2010,AK,2,Alaska,51.89%,256192,493764
2010,AZ,3,Arizona,41.04%,1727791,4209544
2010,AR,4,Arkansas,37.54%,781333,2081156
2010,CA,5,California,44.00%,10095485,22946053
2010,CO,6,Colorado,50.60%,1787730,3533054
2010,CT,7,Connecticut,45.89%,1153115,2512981
2010,DE,8,Delaware,47.51%,307402,646969
2010,DC,9,District of Columbia,28.93%,132656,458619
2010,FL,10,Florida,41.75%,5411106,12961184
2010,GA,11,Georgia,39.85%,2576161,6464845
2010,HI,12,Hawaii,39.87%,382563,959531
2010,ID,13,Idaho,42.31%,452535,1069446
2010,IL,14,Illinois,42.39%,3729989,8798829
2010,IN,15,Indiana,37.14%,1744481,4697111
2010,IA,16,Iowa,49.95%,1116063,2234516
2010,KS,17,Kansas,41.70%,838790,2011497
2010,KY,18,Kentucky,42.41%,1356468,3198093
2010,LA,19,Louisiana,38.93%,1264994,3249524
2010,ME,20,Maine,55.17%,572766,1038201
2010,MD,21,Maryland,46.43%,1857880,4001034
2010,MA,22,Massachusetts,48.94%,2297039,4693670
2010,MI,23,Michigan,44.53%,3226088,7245281
2010,MN,24,Minnesota,55.41%,2107021,3802677
2010,MS,25,Mississippi,37.03%,788549,2129334
2010,MO,26,Missouri,44.52%,1943899,4366435
2010,MT,27,Montana,47.50%,360341,758653
2010,NE,28,Nebraska,37.49%,487988,1301483
2010,NV,29,Nevada,41.29%,721404,1747288
2010,NH,30,New Hampshire,45.66%,456588,999918
2010,NJ,31,New Jersey,36.37%,2121584,5834037
2010,NM,32,New Mexico,42.79%,602827,1408872
2010,NY,33,New York,35.47%,4658586,13135048
2010,NC,34,North Carolina,39.20%,2660079,6785463
2010,ND,35,North Dakota,46.19%,238812,516974
2010,OH,36,Ohio,44.94%,3852453,8571952
2010,OK,37,Oklahoma,38.80%,1034767,2666767
2010,OR,38,Oregon,52.65%,1453548,2760607
2010,PA,39,Pennsylvania,41.69%,3987551,9565822
2010,RI,40,Rhode Island,44.83%,342290,763534
2010,SC,41,South Carolina,39.67%,1344198,3388417
2010,SD,42,South Dakota,52.89%,317083,599507
2010,TN,43,Tennessee,34.64%,1601549,4622919
2010,TX,44,Texas,32.10%,4979870,15514007
2010,UT,45,Utah,36.28%,643307,1772934
2010,VT,46,Vermont,49.41%,241605,488942
2010,VA,47,Virginia,38.69%,2189841,5660589
2010,WA,48,Washington,53.15%,2511094,4724350
2010,WV,49,West Virginia,36.75%,529948,1442003
2010,WI,50,Wisconsin,52.04%,2171331,4172130
2010,WY,51,Wyoming,45.46%,188463,414536
2008,USA,0,United States,61.55%,131304731,213313508
2008,AL,1,Alabama,60.78%,2099819,3454510
2008,AK,2,Alaska,68.04%,326197,479429
2008,AZ,3,Arizona,56.68%,2293475,4046075
2008,AR,4,Arkansas,52.45%,1086617,2071563
2008,CA,5,California,60.92%,13561900,22261504
2008,CO,6,Colorado,70.98%,2401361,3382959
2008,CT,7,Connecticut,66.64%,1646792,2471082
2008,DE,8,Delaware,65.65%,412398,628200
2008,DC,9,District of Columbia,61.46%,265853,432566
2008,FL,10,Florida,66.13%,8390744,12687407
2008,GA,11,Georgia,62.47%,3924440,6281872
2008,HI,12,Hawaii,48.77%,453568,930067
2008,ID,13,Idaho,63.63%,655032,1029416
2008,IL,14,Illinois,63.62%,5523051,8681138
2008,IN,15,Indiana,59.12%,2751054,4653019
2008,IA,16,Iowa,69.36%,1537123,2216094
2008,KS,17,Kansas,62.05%,1235872,1991759
2008,KY,18,Kentucky,57.94%,1826508,3152629
2008,LA,19,Louisiana,61.16%,1960761,3205794
2008,ME,20,Maine,70.56%,731163,1036242
2008,MD,21,Maryland,67.05%,2631596,3925117
2008,MA,22,Massachusetts,66.80%,3080985,4612550
2008,MI,23,Michigan,69.19%,5001766,7229512
2008,MN,24,Minnesota,77.81%,2910369,3740142
2008,MS,25,Mississippi,61.03%,1289856,2113347
2008,MO,26,Missouri,67.59%,2925205,4327572
2008,MT,27,Montana,66.32%,491960,741853
2008,NE,28,Nebraska,62.86%,801281,1274719
2008,NV,29,Nevada,57.04%,967848,1696831
2008,NH,30,New Hampshire,71.65%,710970,992226
2008,NJ,31,New Jersey,66.96%,3868237,5776527
2008,NM,32,New Mexico,60.92%,830158,1362629
2008,NY,33,New York,59.01%,7640640,12948969
2008,NC,34,North Carolina,65.47%,4310789,6584302
2008,ND,35,North Dakota,62.73%,316621,504762
2008,OH,36,Ohio,66.94%,5698260,8513079
2008,OK,37,Oklahoma,55.85%,1462661,2619121
2008,OR,38,Oregon,67.69%,1827864,2700327
2008,PA,39,Pennsylvania,63.57%,6012692,9457942
2008,RI,40,Rhode Island,61.78%,471766,763608
2008,SC,41,South Carolina,58.02%,1920969,3311044
2008,SD,42,South Dakota,64.66%,381975,590720
2008,TN,43,Tennessee,56.97%,2599749,4563192
2008,TX,44,Texas,54.11%,8077795,14929810
2008,UT,45,Utah,56.01%,952370,1700286
2008,VT,46,Vermont,67.34%,325046,482677
2008,VA,47,Virginia,67.02%,3723260,5555415
2008,WA,48,Washington,66.58%,3036878,4561163
2008,WV,49,West Virginia,49.87%,713362,1430439
2008,WI,50,Wisconsin,72.40%,2983417,4120694
2008,WY,51,Wyoming,62.77%,254658,405732
2006,USA,0,United States,40.37%,83815592,207643594
2006,AL,1,Alabama,37.45%,1250401,3338467
2006,AK,2,Alaska,51.02%,237322,465169
2006,AZ,3,Arizona,38.91%,1526782,3923786
2006,AR,4,Arkansas,38.65%,774680,2004193
2006,CA,5,California,40.22%,8679416,21582217
2006,CO,6,Colorado,47.26%,1558405,3297308
2006,CT,7,Connecticut,46.55%,1134780,2437559
2006,DE,8,Delaware,42.26%,254099,601341
2006,DC,9,District of Columbia,28.27%,120620,426612
2006,FL,10,Florida,39.62%,4829270,12187858
2006,GA,11,Georgia,34.70%,2122258,6115331
2006,HI,12,Hawaii,37.88%,344315,908925
2006,ID,13,Idaho,45.40%,450832,993010
2006,IL,14,Illinois,40.23%,3486671,8667453
2006,IN,15,Indiana,36.56%,1666922,4559294
2006,IA,16,Iowa,48.11%,1048033,2178322
2006,KS,17,Kansas,43.60%,849700,1948850
2006,KY,18,Kentucky,40.43%,1253526,3100828
2006,LA,19,Louisiana,29.65%,902498,3043573
2006,ME,20,Maine,54.20%,550865,1016287
2006,MD,21,Maryland,46.65%,1788316,3833349
2006,MA,22,Massachusetts,48.76%,2219779,4552794
2006,MI,23,Michigan,52.12%,3801256,7292624
2006,MN,24,Minnesota,60.06%,2202987,3667707
2006,MS,25,Mississippi,29.41%,610921,2077420
2006,MO,26,Missouri,50.04%,2128459,4253541
2006,MT,27,Montana,56.42%,406505,720447
2006,NE,28,Nebraska,47.65%,596087,1251027
2006,NV,29,Nevada,36.89%,582572,1579222
2006,NH,30,New Hampshire,41.38%,403531,975281
2006,NJ,31,New Jersey,39.47%,2250070,5701033
2006,NM,32,New Mexico,42.50%,561084,1320285
2006,NY,33,New York,34.86%,4490053,12878632
2006,NC,34,North Carolina,30.98%,1940808,6264630
2006,ND,35,North Dakota,44.87%,218152,486142
2006,OH,36,Ohio,47.54%,4022754,8461211
2006,OK,37,Oklahoma,36.37%,926462,2547224
2006,OR,38,Oregon,52.47%,1379475,2628937
2006,PA,39,Pennsylvania,44.12%,4096077,9283762
2006,RI,40,Rhode Island,51.05%,384993,754219
2006,SC,41,South Carolina,34.64%,1091952,3152046
2006,SD,42,South Dakota,57.79%,335508,580592
2006,TN,43,Tennessee,41.36%,1833695,4433921
2006,TX,44,Texas,30.86%,4399068,14255313
2006,UT,45,Utah,34.32%,571252,1664323
2006,VT,46,Vermont,54.94%,262726,478247
2006,VA,47,Virginia,44.02%,2370445,5385522
2006,WA,48,Washington,47.31%,2083734,4403981
2006,WV,49,West Virginia,32.81%,459884,1401490
2006,WI,50,Wisconsin,53.19%,2161700,4064432
2006,WY,51,Wyoming,51.14%,193892,379127
2004,USA,0,United States,60.10%,122294978,203483455
2004,AL,1,Alabama,57.20%,1883415,3292608
2004,AK,2,Alaska,69.14%,312598,452124
2004,AZ,3,Arizona,54.14%,2012585,3717055
2004,AR,4,Arkansas,53.57%,1054945,1969208
2004,CA,5,California,58.78%,12421852,21132533
2004,CO,6,Colorado,66.70%,2129630,3192647
2004,CT,7,Connecticut,64.98%,1578769,2429634
2004,DE,8,Delaware,64.16%,375190,584817
2004,DC,9,District of Columbia,54.30%,227586,419142
2004,FL,10,Florida,64.42%,7609810,11811921
2004,GA,11,Georgia,56.17%,3301875,5878186
2004,HI,12,Hawaii,48.23%,429013,889540
2004,ID,13,Idaho,63.24%,598376,946160
2004,IL,14,Illinois,61.50%,5274322,8576696
2004,IN,15,Indiana,54.79%,2468002,4504260
2004,IA,16,Iowa,69.88%,1506908,2156389
2004,KS,17,Kansas,61.58%,1187756,1928764
2004,KY,18,Kentucky,58.73%,1795860,3057741
2004,LA,19,Louisiana,61.05%,1943106,3182762
2004,ME,20,Maine,73.80%,740752,1003792
2004,MD,21,Maryland,62.85%,2386705,3797264
2004,MA,22,Massachusetts,64.24%,2912388,4533859
2004,MI,23,Michigan,66.63%,4839252,7263024
2004,MN,24,Minnesota,78.37%,2828387,3609185
2004,MS,25,Mississippi,55.70%,1152365,2068766
2004,MO,26,Missouri,65.33%,2731364,4180960
2004,MT,27,Montana,64.43%,450445,699114
2004,NE,28,Nebraska,62.93%,778186,1236522
2004,NV,29,Nevada,55.25%,829587,1501437
2004,NH,30,New Hampshire,70.86%,677738,956422
2004,NJ,31,New Jersey,63.77%,3611691,5663201
2004,NM,32,New Mexico,58.96%,756304,1282767
2004,NY,33,New York,58.02%,7391249,12738056
2004,NC,34,North Carolina,57.81%,3501007,6055771
2004,ND,35,North Dakota,64.81%,312833,482722
2004,OH,36,Ohio,66.78%,5627908,8427696
2004,OK,37,Oklahoma,58.30%,1463758,2510823
2004,OR,38,Oregon,72.01%,1836782,2550887
2004,PA,39,Pennsylvania,62.56%,5769590,9221962
2004,RI,40,Rhode Island,58.52%,437134,747046
2004,SC,41,South Carolina,52.95%,1617730,3055098
2004,SD,42,South Dakota,68.21%,388215,569161
2004,TN,43,Tennessee,56.31%,2437319,4328446
2004,TX,44,Texas,53.72%,7410765,13796256
2004,UT,45,Utah,58.93%,927844,1574463
2004,VT,46,Vermont,66.34%,312309,470754
2004,VA,47,Virginia,60.61%,3198367,5277156
2004,WA,48,Washington,66.91%,2859084,4272914
2004,WV,49,West Virginia,54.13%,755887,1396545
2004,WI,50,Wisconsin,74.80%,2997007,4006948
2004,WY,51,Wyoming,65.65%,243428,370785
2002,USA,0,United States,39.51%,78381943,198381939
2002,AL,1,Alabama,41.53%,1364602,3285643
2002,AK,2,Alaska,54.17%,231484,427337
2002,AZ,3,Arizona,35.86%,1226111,3419481
2002,AR,4,Arkansas,41.28%,805696,1951568
2002,CA,5,California,36.06%,7476351,20733192
2002,CO,6,Colorado,46.33%,1416093,3056465
2002,CT,7,Connecticut,42.30%,1022942,2418037
2002,DE,8,Delaware,41.12%,232314,564938
2002,DC,9,District of Columbia,30.15%,124228,412062
2002,FL,10,Florida,45.56%,5100581,11194391
2002,GA,11,Georgia,35.44%,2031604,5731983
2002,HI,12,Hawaii,43.77%,382110,872992
2002,ID,13,Idaho,44.66%,411477,921256
2002,IL,14,Illinois,41.43%,3538883,8540965
2002,IN,15,Indiana,33.85%,1521353,4494191
2002,IA,16,Iowa,47.88%,1023075,2136683
2002,KS,17,Kansas,44.05%,835692,1897261
2002,KY,18,Kentucky,37.16%,1131313,3044267
2002,LA,19,Louisiana,39.40%,1246333,3163663
2002,ME,20,Maine,50.77%,505190,995056
2002,MD,21,Maryland,46.34%,1704560,3678346
2002,MA,22,Massachusetts,49.21%,2194189,4458820
2002,MI,23,Michigan,44.45%,3177565,7147888
2002,MN,24,Minnesota,64.09%,2254639,3518184
2002,MS,25,Mississippi,30.07%,615609,2047426
2002,MO,26,Missouri,45.61%,1877620,4116889
2002,MT,27,Montana,48.40%,331321,684572
2002,NE,28,Nebraska,39.93%,480991,1204512
2002,NV,29,Nevada,36.24%,504079,1391100
2002,NH,30,New Hampshire,48.06%,447135,930362
2002,NJ,31,New Jersey,38.07%,2112604,5549726
2002,NM,32,New Mexico,38.58%,484229,1255086
2002,NY,33,New York,36.11%,4579078,12679865
2002,NC,34,North Carolina,39.67%,2331181,5876705
2002,ND,35,North Dakota,48.51%,231030,476251
2002,OH,36,Ohio,38.80%,3228992,8322521
2002,OK,37,Oklahoma,41.21%,1035620,2513143
2002,OR,38,Oregon,50.78%,1267221,2495739
2002,PA,39,Pennsylvania,38.78%,3545431,9143001
2002,RI,40,Rhode Island,44.74%,331834,741776
2002,SC,41,South Carolina,36.95%,1102010,2982810
2002,SD,42,South Dakota,60.68%,337497,556154
2002,TN,43,Tennessee,39.61%,1644741,4151834
2002,TX,44,Texas,34.25%,4514012,13181016
2002,UT,45,Utah,37.03%,557153,1504529
2002,VT,46,Vermont,48.82%,230161,471403
2002,VA,47,Virginia,28.99%,1489422,5138270
2002,WA,48,Washington,41.79%,1739116,4162032
2002,WV,49,West Virginia,31.20%,436183,1398124
2002,WI,50,Wisconsin,45.43%,1775349,3908088
2002,WY,51,Wyoming,50.06%,185459,370488
2000,USA,0,United States,54.22%,105375486,194331436
2000,AL,1,Alabama,51.60%,1672551,3241682
2000,AK,2,Alaska,68.13%,285560,419111
2000,AZ,3,Arizona,45.63%,1532016,3357701
2000,AR,4,Arkansas,47.86%,921781,1925961
2000,CA,5,California,55.71%,10965849,19685258
2000,CO,6,Colorado,57.54%,1741368,3026316
2000,CT,7,Connecticut,61.90%,1459525,2357687
2000,DE,8,Delaware,59.03%,327529,554863
2000,DC,9,District of Columbia,48.32%,201355,416696
2000,FL,10,Florida,55.90%,5963110,10667193
2000,GA,11,Georgia,45.80%,2583208,5639668
2000,HI,12,Hawaii,44.19%,367951,832642
2000,ID,13,Idaho,57.17%,501615,877406
2000,IL,14,Illinois,56.24%,4742123,8432600
2000,IN,15,Indiana,49.32%,2182295,4424909
2000,IA,16,Iowa,63.16%,1315563,2082950
2000,KS,17,Kansas,55.61%,1072216,1927950
2000,KY,18,Kentucky,52.24%,1544107,2955628
2000,LA,19,Louisiana,56.41%,1765656,3130267
2000,ME,20,Maine,67.25%,651817,969292
2000,MD,21,Maryland,55.50%,2025480,3649631
2000,MA,22,Massachusetts,59.88%,2704984,4517052
2000,MI,23,Michigan,59.86%,4232501,7070702
2000,MN,24,Minnesota,69.55%,2438657,3506432
2000,MS,25,Mississippi,49.10%,994184,2024650
2000,MO,26,Missouri,58.24%,2359892,4052255
2000,MT,27,Montana,61.57%,410986,667525
2000,NE,28,Nebraska,56.93%,696983,1224178
2000,NV,29,Nevada,45.24%,608970,1346116
2000,NH,30,New Hampshire,63.90%,569081,890622
2000,NJ,31,New Jersey,56.90%,3187226,5601788
2000,NM,32,New Mexico,48.51%,598605,1234088
2000,NY,33,New York,55.10%,6821999,12380208
2000,NC,34,North Carolina,50.68%,2911262,5744241
2000,ND,35,North Dakota,60.31%,288256,477968
2000,OH,36,Ohio,56.72%,4705457,8295592
2000,OK,37,Oklahoma,49.86%,1234229,2475220
2000,OR,38,Oregon,64.88%,1533968,2364402
2000,PA,39,Pennsylvania,54.06%,4912185,9086897
2000,RI,40,Rhode Island,54.22%,408783,753877
2000,SC,41,South Carolina,46.96%,1382717,2944326
2000,SD,42,South Dakota,57.66%,316269,548498
2000,TN,43,Tennessee,49.87%,2076181,4162996
2000,TX,44,Texas,49.16%,6407037,13033081
2000,UT,45,Utah,53.84%,770754,1431668
2000,VT,46,Vermont,64.10%,294308,459174
2000,VA,47,Virginia,54.04%,2739447,5069265
2000,WA,48,Washington,60.70%,2487433,4098044
2000,WV,49,West Virginia,46.62%,648124,1390365
2000,WI,50,Wisconsin,67.64%,2598607,3842044
2000,WY,51,Wyoming,59.19%,213726,361078
1998,USA,0,United States,38.09%,72537000,190419570
1998,AL,1,Alabama,41.16%,1317842,3202052
1998,AK,2,Alaska,54.63%,223300,408758
1998,AZ,3,Arizona,31.48%,1017616,3232815
1998,AR,4,Arkansas,37.51%,706011,1882181
1998,CA,5,California,43.51%,8381871,19264556
1998,CO,6,Colorado,46.08%,1327235,2879973
1998,CT,7,Connecticut,42.70%,999537,2340956
1998,DE,8,Delaware,33.38%,180527,540896
1998,DC,9,District of Columbia,34.02%,135501,398318
1998,FL,10,Florida,37.44%,3965751,10590870
1998,GA,11,Georgia,33.66%,1792880,5326337
1998,HI,12,Hawaii,48.97%,407556,832172
1998,ID,13,Idaho,45.18%,381248,843914
1998,IL,14,Illinois,40.97%,3394521,8285614
1998,IN,15,Indiana,36.53%,1588617,4348730
1998,IA,16,Iowa,45.28%,956415,2112132
1998,KS,17,Kansas,38.82%,727236,1873438
1998,KY,18,Kentucky,39.08%,1145414,2930780
1998,LA,19,Louisiana,31.29%,969165,3097660
1998,ME,20,Maine,51.59%,486808,943577
1998,MD,21,Maryland,43.01%,1535978,3571087
1998,MA,22,Massachusetts,42.96%,1903336,4430939
1998,MI,23,Michigan,43.35%,3036886,7005306
1998,MN,24,Minnesota,61.92%,2091766,3378089
1998,MS,25,Mississippi,27.60%,550694,1995283
1998,MO,26,Missouri,39.64%,1576857,3978146
1998,MT,27,Montana,50.70%,331551,653998
1998,NE,28,Nebraska,45.51%,545238,1197953
1998,NV,29,Nevada,35.33%,435790,1233386
1998,NH,30,New Hampshire,36.30%,318940,878508
1998,NJ,31,New Jersey,32.93%,1813094,5505229
1998,NM,32,New Mexico,41.58%,498703,1199320
1998,NY,33,New York,38.61%,4735236,12263356
1998,NC,34,North Carolina,35.78%,2012143,5624292
1998,ND,35,North Dakota,44.86%,213358,475629
1998,OH,36,Ohio,41.33%,3404351,8237516
1998,OK,37,Oklahoma,36.17%,873585,2415036
1998,OR,38,Oregon,47.15%,1117747,2370381
1998,PA,39,Pennsylvania,33.33%,3025152,9075961
1998,RI,40,Rhode Island,42.34%,306445,723772
1998,SC,41,South Carolina,38.13%,1077135,2825173
1998,SD,42,South Dakota,49.02%,262111,534711
1998,TN,43,Tennessee,23.85%,976236,4092745
1998,TX,44,Texas,29.93%,3738078,12490423
1998,UT,45,Utah,35.81%,494909,1381989
1998,VT,46,Vermont,49.04%,218120,444772
1998,VA,47,Virginia,23.44%,1148861,4900523
1998,WA,48,Washington,48.40%,1902482,3930400
1998,WV,49,West Virginia,25.30%,351277,1388176
1998,WI,50,Wisconsin,46.32%,1760836,3801514
1998,WY,51,Wyoming,49.95%,174888,350136
1996,USA,0,United States,51.66%,96262935,186347044
1996,AL,1,Alabama,48.80%,1534349,3144249
1996,AK,2,Alaska,59.78%,241620,404180
1996,AZ,3,Arizona,45.60%,1404405,3079908
1996,AR,4,Arkansas,47.94%,884262,1844689
1996,CA,5,California,53.74%,10019484,18644593
1996,CO,6,Colorado,54.53%,1510704,2770252
1996,CT,7,Connecticut,59.59%,1392614,2337160
1996,DE,8,Delaware,51.23%,270810,528630
1996,DC,9,District of Columbia,46.57%,185726,398839
1996,FL,10,Florida,51.87%,5300927,10219294
1996,GA,11,Georgia,44.37%,2298899,5181708
1996,HI,12,Hawaii,43.91%,360120,820055
1996,ID,13,Idaho,59.31%,489481,825329
1996,IL,14,Illinois,52.48%,4311391,8215662
1996,IN,15,Indiana,49.63%,2135431,4302745
1996,IA,16,Iowa,58.81%,1234075,2098332
1996,KS,17,Kansas,57.28%,1063452,1856507
1996,KY,18,Kentucky,48.21%,1388707,2880808
1996,LA,19,Louisiana,57.78%,1783959,3087693
1996,ME,20,Maine,65.15%,605897,929970
1996,MD,21,Maryland,50.45%,1780870,3530148
1996,MA,22,Massachusetts,58.36%,2559180,4385268
1996,MI,23,Michigan,55.35%,3848844,6954059
1996,MN,24,Minnesota,66.05%,2192640,3319509
1996,MS,25,Mississippi,45.86%,893857,1949309
1996,MO,26,Missouri,55.05%,2158065,3919885
1996,MT,27,Montana,63.11%,407083,645052
1996,NE,28,Nebraska,57.02%,677415,1188034
1996,NV,29,Nevada,40.94%,464279,1134065
1996,NH,30,New Hampshire,58.35%,499053,855287
1996,NJ,31,New Jersey,56.37%,3075860,5456334
1996,NM,32,New Mexico,47.44%,556074,1172262
1996,NY,33,New York,51.87%,6316129,12175850
1996,NC,34,North Carolina,46.28%,2515807,5435970
1996,ND,35,North Dakota,55.98%,266411,475898
1996,OH,36,Ohio,55.39%,4534434,8185999
1996,OK,37,Oklahoma,50.95%,1206713,2368311
1996,OR,38,Oregon,59.67%,1377760,2309051
1996,PA,39,Pennsylvania,49.72%,4506118,9063470
1996,RI,40,Rhode Island,54.42%,390247,717041
1996,SC,41,South Carolina,42.16%,1151422,2731064
1996,SD,42,South Dakota,61.12%,323826,529793
1996,TN,43,Tennessee,47.54%,1894105,3984092
1996,TX,44,Texas,46.48%,5611644,12072149
1996,UT,45,Utah,50.16%,665629,1326919
1996,VT,46,Vermont,59.32%,258449,435687
1996,VA,47,Virginia,50.22%,2416642,4811632
1996,WA,48,Washington,58.86%,2253867,3829308
1996,WV,49,West Virginia,45.90%,636459,1386621
1996,WI,50,Wisconsin,58.36%,2196169,3763240
1996,WY,51,Wyoming,61.31%,211571,345112
1994,USA,0,United States,41.13%,75105860,182623348
1994,AL,1,Alabama,38.83%,1201969,3095745
1994,AK,2,Alaska,53.43%,213404,399435
1994,AZ,3,Arizona,39.06%,1129607,2892171
1994,AR,4,Arkansas,39.80%,716840,1801161
1994,CA,5,California,46.86%,8658881,18479124
1994,CO,6,Colorado,42.15%,1116307,2648684
1994,CT,7,Connecticut,49.11%,1147084,2335579
1994,DE,8,Delaware,38.80%,199029,512941
1994,DC,9,District of Columbia,44.59%,183649,411886
1994,FL,10,Florida,42.88%,4206659,9810247
1994,GA,11,Georgia,31.04%,1545328,4978431
1994,HI,12,Hawaii,45.62%,369013,808904
1994,ID,13,Idaho,52.72%,413346,784076
1994,IL,14,Illinois,38.00%,3106566,8175312
1994,IN,15,Indiana,36.45%,1543568,4235008
1994,IA,16,Iowa,48.00%,997248,2077709
1994,KS,17,Kansas,44.67%,820846,1837694
1994,KY,18,Kentucky,27.71%,784299,2829881
1994,LA,19,Louisiana,27.21%,826837,3038660
1994,ME,20,Maine,55.73%,511733,918204
1994,MD,21,Maryland,40.52%,1410299,3480270
1994,MA,22,Massachusetts,50.08%,2179945,4353287
1994,MI,23,Michigan,45.05%,3089077,6856388
1994,MN,24,Minnesota,54.49%,1772929,3253779
1994,MS,25,Mississippi,31.94%,608085,1903794
1994,MO,26,Missouri,46.00%,1775116,3858946
1994,MT,27,Montana,56.31%,350387,622246
1994,NE,28,Nebraska,49.77%,579561,1164502
1994,NV,29,Nevada,36.86%,380530,1032456
1994,NH,30,New Hampshire,37.59%,311882,829590
1994,NJ,31,New Jersey,38.11%,2054887,5392423
1994,NM,32,New Mexico,41.45%,467621,1128243
1994,NY,33,New York,42.68%,5203762,12192316
1994,NC,34,North Carolina,30.28%,1588190,5244552
1994,ND,35,North Dakota,50.44%,236547,468989
1994,OH,36,Ohio,42.26%,3436884,8132122
1994,OK,37,Oklahoma,42.75%,995012,2327519
1994,OR,38,Oregon,54.77%,1221010,2229242
1994,PA,39,Pennsylvania,39.65%,3585526,9043585
1994,RI,40,Rhode Island,50.47%,361377,716002
1994,SC,41,South Carolina,35.10%,934886,2663830
1994,SD,42,South Dakota,60.06%,311613,518815
1994,TN,43,Tennessee,38.62%,1487130,3850228
1994,TX,44,Texas,37.51%,4396242,11719888
1994,UT,45,Utah,41.47%,517790,1248726
1994,VT,46,Vermont,49.53%,211449,426953
1994,VA,47,Virginia,43.60%,2057463,4718968
1994,WA,48,Washington,45.76%,1700173,3715174
1994,WV,49,West Virginia,30.52%,420936,1379339
1994,WI,50,Wisconsin,42.40%,1565628,3692668
1994,WY,51,Wyoming,59.85%,201710,337032
1992,USA,0,United States,58.11%,104405155,179655523
1992,AL,1,Alabama,55.70%,1688060,3030549
1992,AK,2,Alaska,66.30%,258506,389898
1992,AZ,3,Arizona,55.65%,1486975,2671933
1992,AR,4,Arkansas,54.29%,950653,1751083
1992,CA,5,California,60.30%,11131721,18460157
1992,CO,6,Colorado,62.89%,1569180,2494998
1992,CT,7,Connecticut,68.58%,1616332,2356937
1992,DE,8,Delaware,58.03%,289735,499266
1992,DC,9,District of Columbia,53.28%,227572,427102
1992,FL,10,Florida,55.90%,5314392,9506230
1992,GA,11,Georgia,48.48%,2311253,4766958
1992,HI,12,Hawaii,46.89%,372842,795148
1992,ID,13,Idaho,65.61%,482142,734855
1992,IL,14,Illinois,62.24%,5050157,8113900
1992,IN,15,Indiana,55.39%,2305871,4162678
1992,IA,16,Iowa,65.83%,1354607,2057690
1992,KS,17,Kansas,63.91%,1157335,1810750
1992,KY,18,Kentucky,53.84%,1492900,2772600
1992,LA,19,Louisiana,59.72%,1790017,2997301
1992,ME,20,Maine,74.26%,679499,915082
1992,MD,21,Maryland,57.70%,1985046,3440015
1992,MA,22,Massachusetts,63.81%,2773700,4346897
1992,MI,23,Michigan,62.99%,4274673,6786593
1992,MN,24,Minnesota,73.67%,2347948,3187255
1992,MS,25,Mississippi,52.93%,981793,1854797
1992,MO,26,Missouri,63.06%,2391565,3792675
1992,MT,27,Montana,69.20%,410611,593345
1992,NE,28,Nebraska,64.16%,737546,1149525
1992,NV,29,Nevada,53.86%,506318,940066
1992,NH,30,New Hampshire,66.07%,537943,814160
1992,NJ,31,New Jersey,61.93%,3343594,5398559
1992,NM,32,New Mexico,53.10%,569986,1073421
1992,NY,33,New York,56.65%,6926925,12227775
1992,NC,34,North Carolina,51.44%,2611850,5077494
1992,ND,35,North Dakota,66.60%,308133,462631
1992,OH,36,Ohio,61.26%,4939967,8063595
1992,OK,37,Oklahoma,60.61%,1390359,2293931
1992,OR,38,Oregon,68.19%,1462643,2144867
1992,PA,39,Pennsylvania,54.93%,4949810,9010940
1992,RI,40,Rhode Island,62.84%,453471,721593
1992,SC,41,South Carolina,46.06%,1202527,2610725
1992,SD,42,South Dakota,66.75%,336254,503759
1992,TN,43,Tennessee,53.21%,1982638,3726024
1992,TX,44,Texas,54.19%,6154018,11356487
1992,UT,45,Utah,64.01%,743999,1162363
1992,VT,46,Vermont,69.01%,289701,419810
1992,VA,47,Virginia,55.36%,2558665,4622125
1992,WA,48,Washington,63.99%,2288230,3575852
1992,WV,49,West Virginia,50.08%,683762,1365368
1992,WI,50,Wisconsin,69.93%,2531114,3619273
1992,WY,51,Wyoming,61.87%,200617,324253
1990,USA,0,United States,38.42%,67859189,176629259
1990,AL,1,Alabama,41.13%,1215889,2956385
1990,AK,2,Alaska,53.44%,194750,364419
1990,AZ,3,Arizona,41.82%,1055406,2523614
1990,AR,4,Arkansas,40.69%,696209,1710799
1990,CA,5,California,42.41%,7699420,18156500
1990,CO,6,Colorado,43.18%,1022027,2366650
1990,CT,7,Connecticut,47.87%,1141101,2383795
1990,DE,8,Delaware,37.01%,180152,486760
1990,DC,9,District of Columbia,38.27%,169066,441742
1990,FL,10,Florida,38.61%,3530871,9145312
1990,GA,11,Georgia,31.59%,1449652,4588953
1990,HI,12,Hawaii,45.36%,349666,770836
1990,ID,13,Idaho,46.45%,320610,690154
1990,IL,14,Illinois,40.57%,3257410,8029525
1990,IN,15,Indiana,36.83%,1502687,4080236
1990,IA,16,Iowa,48.45%,983933,2030935
1990,KS,17,Kansas,44.08%,786096,1783412
1990,KY,18,Kentucky,33.65%,916010,2722356
1990,LA,19,Louisiana,47.18%,1396113,2959148
1990,ME,20,Maine,57.32%,522181,910982
1990,MD,21,Maryland,32.71%,1111088,3397126
1990,MA,22,Massachusetts,53.41%,2341990,4384671
1990,MI,23,Michigan,38.32%,2564563,6693069
1990,MN,24,Minnesota,57.60%,1806777,3136830
1990,MS,25,Mississippi,20.20%,368502,1824156
1990,MO,26,Missouri,36.16%,1352552,3740308
1990,MT,27,Montana,55.73%,319336,573045
1990,NE,28,Nebraska,52.47%,593828,1131746
1990,NV,29,Nevada,37.38%,320743,858018
1990,NH,30,New Hampshire,36.19%,294819,814549
1990,NJ,31,New Jersey,35.70%,1938454,5429251
1990,NM,32,New Mexico,40.05%,411236,1026902
1990,NY,33,New York,33.06%,4056896,12271903
1990,NC,34,North Carolina,41.90%,2069585,4938968
1990,ND,35,North Dakota,50.68%,233973,461711
1990,OH,36,Ohio,43.60%,3477650,7975680
1990,OK,37,Oklahoma,40.47%,911314,2251719
1990,OR,38,Oregon,54.08%,1112847,2057833
1990,PA,39,Pennsylvania,34.06%,3052760,8962083
1990,RI,40,Rhode Island,50.21%,364052,725084
1990,SC,41,South Carolina,29.99%,760965,2537384
1990,SD,42,South Dakota,52.33%,258976,494849
1990,TN,43,Tennessee,21.81%,790441,3624940
1990,TX,44,Texas,35.28%,3892746,11034190
1990,UT,45,Utah,40.72%,442213,1086050
1990,VT,46,Vermont,50.88%,211422,415564
1990,VA,47,Virginia,25.55%,1152854,4512504
1990,WA,48,Washington,38.38%,1313217,3421256
1990,WV,49,West Virginia,30.00%,404305,1347723
1990,WI,50,Wisconsin,38.96%,1379727,3541548
1990,WY,51,Wyoming,51.16%,160109,312961
1988,USA,0,United States,52.77%,91594691,173579281
1988,AL,1,Alabama,47.51%,1378476,2901744
1988,AK,2,Alaska,56.37%,200116,355023
1988,AZ,3,Arizona,47.75%,1171873,2454254
1988,AR,4,Arkansas,48.99%,827738,1689491
1988,CA,5,California,55.74%,9887065,17738700
1988,CO,6,Colorado,58.96%,1372394,2327768
1988,CT,7,Connecticut,60.65%,1443394,2379699
1988,DE,8,Delaware,52.89%,249891,472441
1988,DC,9,District of Columbia,42.52%,192877,453636
1988,FL,10,Florida,49.02%,4302313,8777510
1988,GA,11,Georgia,40.58%,1809672,4459739
1988,HI,12,Hawaii,47.91%,354461,739890
1988,ID,13,Idaho,61.28%,408968,667345
1988,IL,14,Illinois,57.34%,4559120,7950848
1988,IN,15,Indiana,54.27%,2168621,3996319
1988,IA,16,Iowa,60.62%,1225614,2021793
1988,KS,17,Kansas,55.96%,993044,1774451
1988,KY,18,Kentucky,49.34%,1322517,2680364
1988,LA,19,Louisiana,55.36%,1628202,2941023
1988,ME,20,Maine,62.46%,555035,888612
1988,MD,21,Maryland,51.55%,1714358,3325582
1988,MA,22,Massachusetts,60.03%,2632801,4385728
1988,MI,23,Michigan,55.52%,3669163,6608812
1988,MN,24,Minnesota,67.92%,2096790,3087194
1988,MS,25,Mississippi,51.96%,931527,1792847
1988,MO,26,Missouri,56.63%,2093713,3696905
1988,MT,27,Montana,64.38%,365674,568014
1988,NE,28,Nebraska,58.78%,661465,1125252
1988,NV,29,Nevada,45.57%,350067,768131
1988,NH,30,New Hampshire,56.35%,451074,800468
1988,NJ,31,New Jersey,57.03%,3099553,5435008
1988,NM,32,New Mexico,51.98%,521287,1002876
1988,NY,33,New York,52.73%,6485683,12300666
1988,NC,34,North Carolina,44.52%,2134370,4794041
1988,ND,35,North Dakota,63.70%,297261,466684
1988,OH,36,Ohio,55.83%,4393585,7869099
1988,OK,37,Oklahoma,52.14%,1171036,2245785
1988,OR,38,Oregon,60.62%,1201694,1982355
1988,PA,39,Pennsylvania,51.01%,4536251,8892826
1988,RI,40,Rhode Island,56.06%,404620,721773
1988,SC,41,South Carolina,40.19%,986009,2453644
1988,SD,42,South Dakota,63.35%,312991,494034
1988,TN,43,Tennessee,46.07%,1636250,3551452
1988,TX,44,Texas,50.10%,5427410,10833436
1988,UT,45,Utah,62.02%,647008,1043170
1988,VT,46,Vermont,60.11%,243328,404795
1988,VA,47,Virginia,49.84%,2191609,4396900
1988,WA,48,Washington,56.83%,1865253,3282173
1988,WV,49,West Virginia,48.48%,653311,1347692
1988,WI,50,Wisconsin,62.80%,2191608,3489742
1988,WY,51,Wyoming,56.03%,176551,315073
1986,USA,0,United States,38.14%,64991128,170396029
1986,AL,1,Alabama,43.08%,1236230,2869652
1986,AK,2,Alaska,51.39%,180801,351841
1986,AZ,3,Arizona,37.39%,866984,2319046
1986,AR,4,Arkansas,41.36%,695487,1681564
1986,CA,5,California,43.36%,7443551,17166275
1986,CO,6,Colorado,45.93%,1060765,2309652
1986,CT,7,Connecticut,42.39%,993692,2344327
1986,DE,8,Delaware,35.28%,160757,455609
1986,DC,9,District of Columbia,28.28%,131802,465993
1986,FL,10,Florida,40.91%,3429996,8384015
1986,GA,11,Georgia,28.49%,1224948,4300049
1986,HI,12,Hawaii,46.70%,334115,715459
1986,ID,13,Idaho,58.42%,387426,663126
1986,IL,14,Illinois,39.74%,3144185,7912733
1986,IN,15,Indiana,39.44%,1555505,3943714
1986,IA,16,Iowa,45.07%,910623,2020678
1986,KS,17,Kansas,47.84%,840605,1757001
1986,KY,18,Kentucky,25.45%,677280,2661218
1986,LA,19,Louisiana,45.44%,1369897,3014498
1986,ME,20,Maine,49.74%,426861,858200
1986,MD,21,Maryland,34.59%,1112637,3216833
1986,MA,22,Massachusetts,38.93%,1684079,4326264
1986,MI,23,Michigan,36.75%,2396564,6520661
1986,MN,24,Minnesota,46.82%,1415989,3024070
1986,MS,25,Mississippi,29.37%,523563,1782721
1986,MO,26,Missouri,40.42%,1477327,3655213
1986,MT,27,Montana,55.56%,317862,572113
1986,NE,28,Nebraska,50.26%,564422,1123099
1986,NV,29,Nevada,37.41%,261932,700192
1986,NH,30,New Hampshire,33.00%,250966,760526
1986,NJ,31,New Jersey,28.79%,1553544,5396487
1986,NM,32,New Mexico,39.99%,394833,987220
1986,NY,33,New York,35.01%,4293971,12263480
1986,NC,34,North Carolina,34.20%,1591330,4653016
1986,ND,35,North Dakota,60.98%,289013,473962
1986,OH,36,Ohio,40.11%,3121189,7781083
1986,OK,37,Oklahoma,39.73%,909925,2290182
1986,OR,38,Oregon,54.94%,1059630,1928782
1986,PA,39,Pennsylvania,38.41%,3388275,8820459
1986,RI,40,Rhode Island,42.99%,305663,711034
1986,SC,41,South Carolina,31.49%,753751,2393329
1986,SD,42,South Dakota,60.09%,295830,492333
1986,TN,43,Tennessee,34.79%,1210339,3478867
1986,TX,44,Texas,31.91%,3442368,10786533
1986,UT,45,Utah,42.48%,435111,1024337
1986,VT,46,Vermont,50.46%,196716,389843
1986,VA,47,Virginia,29.09%,1233611,4240797
1986,WA,48,Washington,42.44%,1337367,3151152
1986,WV,49,West Virginia,29.93%,410131,1370305
1986,WI,50,Wisconsin,44.49%,1526960,3432034
1986,WY,51,Wyoming,50.07%,164720,328971
1984,USA,0,United States,55.25%,92652680,167701904
1984,AL,1,Alabama,50.92%,1441713,2831099
1984,AK,2,Alaska,60.52%,207605,343030
1984,AZ,3,Arizona,47.69%,1025897,2151391
1984,AR,4,Arkansas,53.02%,884406,1668136
1984,CA,5,California,57.20%,9505423,16618345
1984,CO,6,Colorado,57.12%,1295380,2267668
1984,CT,7,Connecticut,63.76%,1466900,2300533
1984,DE,8,Delaware,57.55%,254572,442354
1984,DC,9,District of Columbia,44.80%,211288,471669
1984,FL,10,Florida,52.40%,4180051,7976805
1984,GA,11,Georgia,43.11%,1776120,4119852
1984,HI,12,Hawaii,48.38%,335846,694187
1984,ID,13,Idaho,62.03%,411144,662771
1984,IL,14,Illinois,60.83%,4819088,7922605
1984,IN,15,Indiana,57.02%,2233069,3916362
1984,IA,16,Iowa,64.15%,1319805,2057482
1984,KS,17,Kansas,58.36%,1021991,1751223
1984,KY,18,Kentucky,51.81%,1369345,2643027
1984,LA,19,Louisiana,56.52%,1706822,3019930
1984,ME,20,Maine,65.83%,553144,840251
1984,MD,21,Maryland,53.82%,1675873,3113967
1984,MA,22,Massachusetts,59.89%,2559453,4273437
1984,MI,23,Michigan,59.33%,3801658,6407156
1984,MN,24,Minnesota,69.90%,2084449,2982015
1984,MS,25,Mississippi,53.27%,941104,1766654
1984,MO,26,Missouri,58.67%,2122783,3617948
1984,MT,27,Montana,66.39%,384377,578925
1984,NE,28,Nebraska,57.45%,652090,1135012
1984,NV,29,Nevada,43.64%,286667,656862
1984,NH,30,New Hampshire,54.09%,388904,718967
1984,NJ,31,New Jersey,60.50%,3217862,5318696
1984,NM,32,New Mexico,53.79%,514370,956246
1984,NY,33,New York,55.65%,6806810,12232120
1984,NC,34,North Carolina,48.21%,2175361,4512013
1984,ND,35,North Dakota,64.01%,308971,482655
1984,OH,36,Ohio,58.81%,4547619,7732456
1984,OK,37,Oklahoma,54.02%,1255676,2324445
1984,OR,38,Oregon,64.32%,1226527,1906880
1984,PA,39,Pennsylvania,55.11%,4844903,8790815
1984,RI,40,Rhode Island,58.85%,410492,697537
1984,SC,41,South Carolina,41.58%,968529,2329080
1984,SD,42,South Dakota,64.26%,317867,494651
1984,TN,43,Tennessee,50.12%,1711994,3415760
1984,TX,44,Texas,51.00%,5397571,10582774
1984,UT,45,Utah,63.04%,629656,998820
1984,VT,46,Vermont,61.49%,234561,381479
1984,VA,47,Virginia,52.35%,2146635,4100160
1984,WA,48,Washington,61.31%,1883910,3072714
1984,WV,49,West Virginia,52.88%,735742,1391427
1984,WI,50,Wisconsin,64.87%,2211689,3409202
1984,WY,51,Wyoming,55.79%,188968,338733
1982,USA,0,United States (Excl. Louisiana),42.14%,67615576,160466919
1982,AL,1,Alabama,40.59%,1128725,2780689
1982,AK,2,Alaska,63.37%,194885,307558
1982,AZ,3,Arizona,36.01%,726364,2017098
1982,AR,4,Arkansas,48.15%,789351,1639482
1982,CA,5,California,48.74%,7876698,16161555
1982,CO,6,Colorado,43.53%,956021,2196263
1982,CT,7,Connecticut,48.11%,1084156,2253328
1982,DE,8,Delaware,44.38%,190960,430257
1982,DC,9,District of Columbia,24.99%,117623,470719
1982,FL,10,Florida,35.54%,2688566,7565499
1982,GA,11,Georgia,29.63%,1169041,3945107
1982,HI,12,Hawaii,46.46%,311853,671172
1982,ID,13,Idaho,50.19%,326522,650534
1982,IL,14,Illinois,46.45%,3673681,7908220
1982,IN,15,Indiana,46.85%,1817287,3879314
1982,IA,16,Iowa,50.18%,1038229,2068844
1982,KS,17,Kansas,43.96%,763263,1736298
1982,KY,18,Kentucky,26.78%,700322,2615445
1982,LA,19,Louisiana,51.92%,1548591,2982702
1982,ME,20,Maine,56.28%,460295,817814
1982,MD,21,Maryland,37.54%,1139149,3034834
1982,MA,22,Massachusetts,49.01%,2050769,4184146
1982,MI,23,Michigan,47.82%,3040008,6357552
1982,MN,24,Minnesota,61.32%,1804675,2943169
1982,MS,25,Mississippi,37.00%,645026,1743267
1982,MO,26,Missouri,43.26%,1543521,3567803
1982,MT,27,Montana,56.36%,321062,569629
1982,NE,28,Nebraska,48.53%,547902,1128918
1982,NV,29,Nevada,38.71%,240394,621060
1982,NH,30,New Hampshire,41.18%,282588,686264
1982,NJ,31,New Jersey,41.99%,2193945,5224732
1982,NM,32,New Mexico,44.32%,407466,919311
1982,NY,33,New York,43.36%,5254891,12118685
1982,NC,34,North Carolina,30.38%,1321080,4347870
1982,ND,35,North Dakota,55.04%,262465,476851
1982,OH,36,Ohio,44.14%,3395463,7692059
1982,OK,37,Oklahoma,38.35%,883130,2302670
1982,OR,38,Oregon,54.97%,1042009,1895706
1982,PA,39,Pennsylvania,42.10%,3683985,8749931
1982,RI,40,Rhode Island,50.04%,342779,684977
1982,SC,41,South Carolina,29.71%,671625,2260577
1982,SD,42,South Dakota,56.91%,278562,489474
1982,TN,43,Tennessee,37.52%,1259785,3357236
1982,TX,44,Texas,31.20%,3191091,10228820
1982,UT,45,Utah,55.14%,530802,962724
1982,VT,46,Vermont,45.38%,169251,372982
1982,VA,47,Virginia,35.75%,1415622,3960296
1982,WA,48,Washington,45.62%,1368476,2999997
1982,WV,49,West Virginia,40.40%,565314,1399303
1982,WI,50,Wisconsin,46.85%,1580344,3372875
1982,WY,51,Wyoming,48.97%,168555,344218
1980,USA,0,United States,54.20%,86515221,159635102
1980,AL,1,Alabama,49.22%,1341929,2726249
1980,AK,2,Alaska,58.66%,158445,270122
1980,AZ,3,Arizona,46.24%,873945,1890167
1980,AR,4,Arkansas,52.02%,837582,1610104
1980,CA,5,California,55.01%,8587063,15610966
1980,CO,6,Colorado,57.16%,1184415,2071959
1980,CT,7,Connecticut,63.88%,1406285,2201356
1980,DE,8,Delaware,55.99%,235900,421344
1980,DC,9,District of Columbia,37.21%,175237,470956
1980,FL,10,Florida,52.01%,3686930,7088658
1980,GA,11,Georgia,42.11%,1596695,3791652
1980,HI,12,Hawaii,46.91%,303287,646583
1980,ID,13,Idaho,69.04%,437431,633624
1980,IL,14,Illinois,60.37%,4749721,7868300
1980,IN,15,Indiana,58.29%,2242033,3846321
1980,IA,16,Iowa,63.63%,1317661,2070935
1980,KS,17,Kansas,57.49%,979795,1704420
1980,KY,18,Kentucky,50.52%,1294627,2562572
1980,LA,19,Louisiana,53.98%,1548591,2868792
1980,ME,20,Maine,65.40%,523011,799746
1980,MD,21,Maryland,51.96%,1540496,2964704
1980,MA,22,Massachusetts,61.41%,2524298,4110721
1980,MI,23,Michigan,61.33%,3909725,6374955
1980,MN,24,Minnesota,71.19%,2051980,2882406
1980,MS,25,Mississippi,52.38%,892620,1704163
1980,MO,26,Missouri,59.49%,2099824,3529489
1980,MT,27,Montana,65.62%,363952,554636
1980,NE,28,Nebraska,57.47%,640854,1115142
1980,NV,29,Nevada,43.25%,247885,573118
1980,NH,30,New Hampshire,58.13%,383990,660560
1980,NJ,31,New Jersey,58.08%,2975684,5123773
1980,NM,32,New Mexico,52.31%,456971,873515
1980,NY,33,New York,51.66%,6201959,12006100
1980,NC,34,North Carolina,44.15%,1855833,4203817
1980,ND,35,North Dakota,65.24%,301545,462223
1980,OH,36,Ohio,56.08%,4283603,7637813
1980,OK,37,Oklahoma,53.18%,1149708,2162051
1980,OR,38,Oregon,62.82%,1181516,1880863
1980,PA,39,Pennsylvania,52.65%,4561501,8664166
1980,RI,40,Rhode Island,61.63%,416072,675067
1980,SC,41,South Carolina,41.07%,894071,2176721
1980,SD,42,South Dakota,67.66%,327703,484328
1980,TN,43,Tennessee,49.23%,1617616,3285608
1980,TX,44,Texas,47.44%,4541636,9572904
1980,UT,45,Utah,66.00%,604222,915484
1980,VT,46,Vermont,58.74%,213299,363143
1980,VA,47,Virginia,48.71%,1866032,3830887
1980,WA,48,Washington,59.60%,1742394,2923670
1980,WV,49,West Virginia,53.18%,737715,1387231
1980,WI,50,Wisconsin,68.43%,2273221,3322053
1980,WY,51,Wyoming,54.10%,176713,326644
